[{"name":"QMS","Description":"Shop Description","bg_img_url":"https://images.pexels.com/photos/1563356/pexels-photo-1563356.jpeg?auto=compress&cs=tinysrgb&dpr=1&w=500","theme":"blue","tokens":"123"},{"name":"Warkas's Shop","owner_name":"Pankaj Bhau","sys_type":"Shop","email":"pankajvwarkar@gmail.com","mobile":"154884","bg_img_url":"https://images.pexels.com/photos/1563356/pexels-photo-1563356.jpeg?auto=compress&cs=tinysrgb&dpr=1&w=500","theme":"purple"},{"name":"warkars shop","owner_name":"Pankaj Bhau","sys_type":"Shop","email":"pankajvwarkar@gmail.com","mobile":"154872935","bg_img_url":"https://images.pexels.com/photos/1563356/pexels-photo-1563356.jpeg?auto=compress&cs=tinysrgb&dpr=1&w=500","theme":"light-blue"},{"name":"Borawake Shop","owner_name":"Utkarsh","sys_type":"Queue","email":"dihncxlm@gm.com","mobile":"15487","bg_img_url":"https://images.pexels.com/photos/1563356/pexels-photo-1563356.jpeg?auto=compress&cs=tinysrgb&dpr=1&w=500","theme":"pink"}]